Type,Index,Name
0x0000,0x0001,comment
0x0000,0x0002,point
0x0000,0x0003,vector
0x0000,0x0004,quat
0x0000,0x0005,normals
0x0000,0x0006,normal_idxs
0x0000,0x0007,points
0x0000,0x0008,uv_point
0x0000,0x0009,uv_points
0x0000,0x000A,colour
0x0000,0x000B,colours
0x0000,0x000C,packed_colour
0x0000,0x000D,image
0x0000,0x000E,images
0x0000,0x000F,texture
0x0000,0x0010,textures
0x0000,0x0011,light_material
0x0000,0x0012,light_materials
0x0000,0x0013,linear_key
0x0000,0x0014,tcb_key
0x0000,0x0015,linear_pos
0x0000,0x0016,tcb_pos
0x0000,0x0017,slerp_rot
0x0000,0x0018,tcb_rot
0x0000,0x0019,controllers
0x0000,0x001A,anim_node
0x0000,0x001B,anim_nodes
0x0000,0x001C,animation
0x0000,0x001D,animations
0x0000,0x001E,anim
0x0000,0x001F,lod_controls
0x0000,0x0020,lod_control
0x0000,0x0021,distance_levels_header
0x0000,0x0022,distance_level_header
0x0000,0x0023,dlevel_selection
0x0000,0x0024,distance_levels
0x0000,0x0025,distance_level
0x0000,0x0026,sub_objects
0x0000,0x0027,sub_object
0x0000,0x0028,sub_object_header
0x0000,0x0029,geometry_info
0x0000,0x002A,geometry_nodes
0x0000,0x002B,geometry_node
0x0000,0x002C,geometry_node_map
0x0000,0x002D,cullable_prims
0x0000,0x002E,vtx_state
0x0000,0x002F,vtx_states
0x0000,0x0030,vertex
0x0000,0x0031,vertex_uvs
0x0000,0x0032,vertices
0x0000,0x0033,vertex_set
0x0000,0x0034,vertex_sets
0x0000,0x0035,primitives
0x0000,0x0036,prim_state
0x0000,0x0037,prim_states
0x0000,0x0038,prim_state_idx
0x0000,0x0039,indexed_point_list
0x0000,0x003A,point_list
0x0000,0x003B,indexed_line_list
0x0000,0x003C,indexed_trilist
0x0000,0x003D,tex_idxs
0x0000,0x003E,tri
0x0000,0x003F,vertex_idxs
0x0000,0x0040,flags
0x0000,0x0041,matrix
0x0000,0x0042,matrices
0x0000,0x0043,hierarchy
0x0000,0x0044,volumes
0x0000,0x0045,vol_sphere
0x0000,0x0046,shape_header
0x0000,0x0047,shape
0x0000,0x0048,shader_names
0x0000,0x0049,shader_name
0x0000,0x004A,texture_filter_names
0x0000,0x004B,texture_filter_name
0x0000,0x004C,sort_vectors
0x0000,0x004D,uvop_arg_sets
0x0000,0x004E,uvop_arg_set
0x0000,0x004F,light_model_cfgs
0x0000,0x0050,light_model_cfg
0x0000,0x0051,uv_ops
0x0000,0x0052,uvop_copy
0x0000,0x0053,uv_op_share
0x0000,0x0054,uv_op_copy
0x0000,0x0055,uv_op_uniformscale
0x0000,0x0056,uv_op_user_uninformscale
0x0000,0x0057,uv_op_nonuniformscale
0x0000,0x0058,uv_op_user_nonuninformscale
0x0000,0x0059,uv_op_transform
0x0000,0x005A,uv_op_user_transform
0x0000,0x005B,uv_op_reflectxy
0x0000,0x005C,uv_op_reflectmap
0x0000,0x005D,uv_op_reflectmapfull
0x0000,0x005E,uv_op_spheremap
0x0000,0x005F,uv_op_spheremapfull
0x0000,0x0060,uv_op_specularmap
0x0000,0x0061,uv_op_embossbump
0x0000,0x0062,user_uv_args
0x0000,0x0063,io_dev
0x0000,0x0064,io_map
0x0000,0x0065,sguid
0x0000,0x0066,dlev_cfg_table
0x0000,0x0067,dlev_cfg
0x0000,0x0068,subobject_shaders
0x0000,0x0069,subobject_light_cfgs
0x0000,0x006A,shape_named_data
0x0000,0x006B,shape_named_data_header
0x0000,0x006C,shape_named_geometry
0x0000,0x006D,shape_geom_ref
0x0000,0x006E,material_palette
0x0000,0x006F,blend_config
0x0000,0x0070,blend_config_header
0x0000,0x0071,filtermode_cfgs
0x0000,0x0072,filter_mode_cfg
0x0000,0x0073,blend_mode_cfgs
0x0000,0x0074,blend_mode_cfg
0x0000,0x0075,texture_stage_progs
0x0000,0x0076,texture_stage_prog
0x0000,0x0077,blend_mode_cfg_refs
0x0000,0x0078,shader_cfgs
0x0000,0x0079,shader_cfg
0x0000,0x007A,texture_slots
0x0000,0x007B,texture_slot
0x0000,0x007C,named_filter_modes
0x0000,0x007D,named_filter_mode
0x0000,0x007E,filtermode_cfg_refs
0x0000,0x007F,filtermode_cfg_ref
0x0000,0x0080,named_shaders
0x0000,0x0081,named_shader
0x0000,0x0082,shader_cfg_refs
0x0000,0x0083,shader_cfg_ref
0x0000,0x0084,terrain_desc
0x0000,0x0085,terrain_desc_flags
0x0000,0x0086,terrain_desc_size
0x0000,0x0087,terrain_desc_tiles
0x0000,0x0088,terrain
0x0000,0x0089,terrain_errthreshold_scale
0x0000,0x008A,terrain_alwaysselect_maxdist
0x0000,0x008B,terrain_samples
0x0000,0x008C,terrain_nsamples
0x0000,0x008D,terrain_sample_rotation
0x0000,0x008E,terrain_sample_floor
0x0000,0x008F,terrain_sample_scale
0x0000,0x0090,terrain_sample_size
0x0000,0x0091,terrain_sample_fbuffer
0x0000,0x0092,terrain_sample_ybuffer
0x0000,0x0093,terrain_sample_ebuffer
0x0000,0x0094,terrain_sample_nbuffer
0x0000,0x0095,terrain_sample_cbuffer
0x0000,0x0096,terrain_sample_dbuffer
0x0000,0x0097,terrain_shaders
0x0000,0x0098,terrain_shader
0x0000,0x0099,terrain_texslots
0x0000,0x009A,terrain_texslot
0x0000,0x009B,terrain_uvcalcs
0x0000,0x009C,terrain_uvcalc
0x0000,0x009D,terrain_patches
0x0000,0x009E,terrain_patchsets
0x0000,0x009F,terrain_patchset
0x0000,0x00A0,terrain_patchset_distance
0x0000,0x00A1,terrain_patchset_npatches
0x0000,0x00A2,terrain_patchset_fbuffer
0x0000,0x00A3,terrain_patchset_patches
0x0000,0x00A4,terrain_patchset_patch
0x0000,0x00A5,terrain_transfers
0x0000,0x00A6,terrain_transfer
0x0000,0x00A7,terrain_shapes
0x0000,0x00A8,terrain_shape
0x0000,0x00A9,world
0x0000,0x00AA,world_shader
0x0000,0x00AB,world_anim_shader
0x0000,0x00AC,world_anim_shader_framelen
0x0000,0x00AD,world_anim_shader_frames
0x0000,0x00AE,world_anim_shader_frame
0x0000,0x00AF,world_anim_shader_frame_uvtiles
0x0000,0x00B0,world_anim_shader_frame_uvscroll
0x0000,0x00B1,world_anim_shader_frame_uvstamp
0x0000,0x00B2,world_fog_distance
0x0000,0x00B3,world_fog_day_colour
0x0000,0x00B4,world_fog_night_colour
0x0000,0x00B5,world_sky
0x0000,0x00B6,world_sky_layers
0x0000,0x00B7,world_sky_nlayers_behind_satellites
0x0000,0x00B8,world_sky_layer
0x0000,0x00B9,world_sky_layer_fadein
0x0000,0x00BA,world_sky_layer_fadeout
0x0000,0x00BB,world_sky_layer_top
0x0000,0x00BC,world_sky_layer_top_nfaces
0x0000,0x00BD,world_sky_layer_top_radius
0x0000,0x00BE,world_sky_layer_top_height
0x0000,0x00BF,world_sky_layer_edge
0x0000,0x00C0,world_sky_layer_edge_steps
0x0000,0x00C1,world_sky_layer_edge_step_height
0x0000,0x00C2,world_sky_layer_edge_step_radius
0x0000,0x00C3,world_sky_horizon
0x0000,0x00C4,world_sky_satellites
0x0000,0x00C5,world_sky_satellite
0x0000,0x00C6,world_sky_satellite_low_scale
0x0000,0x00C7,world_sky_satellite_high_scale
0x0000,0x00C8,world_sky_satellite_rise_time
0x0000,0x00C9,world_sky_satellite_dir_rise_colour
0x0000,0x00CA,world_sky_satellite_dir_high_colour
0x0000,0x00CB,world_sky_satellite_dir_set_colour
0x0000,0x00CC,world_sky_satellite_amb_rise_colour
0x0000,0x00CD,world_sky_satellite_amb_high_colour
0x0000,0x00CE,world_sky_satellite_amb_set_colour
0x0000,0x00CF,world_sky_satellite_rise_position
0x0000,0x00D0,world_sky_satellite_set_time
0x0000,0x00D1,world_sky_satellite_fade_time
0x0000,0x00D2,world_sky_satellite_light
0x0000,0x00D3,world_sky_satellite_fog
0x0000,0x00D4,world_water
0x0000,0x00D5,world_water_wave_height
0x0000,0x00D6,world_water_wave_speed
0x0000,0x00D7,world_water_layers
0x0000,0x00D8,world_water_layer
0x0000,0x00D9,world_water_layer_height
0x0000,0x00DA,world_water_layer_sky_reflection
0x0000,0x00DB,world_precipitation
0x0000,0x00DC,world_precipitation_type
0x0000,0x00DD,world_precipitation_type_rain
0x0000,0x00DE,world_precipitation_type_snow
0x0000,0x00DF,world_precipitation_density
0x0000,0x00E0,world_precipitation_radius
0x0000,0x00E1,world_precipitation_speed
0x0000,0x00E2,world_precipitation_near_z_bias
0x0000,0x00E3,world_precipitation_volume_radius
0x0000,0x00E4,world_precipitation_volume_rel_height
0x0000,0x00E5,world_wind
0x0000,0x00E6,world_wind_layers
0x0000,0x00E7,world_wind_layer
0x0000,0x00E8,world_wind_layer_maxheight
0x0000,0x00E9,world_wind_layer_direction
0x0000,0x00EA,world_wind_layer_speed
0x0000,0x00EB,world_wind_layer_turbulencep
0x0000,0x00EC,world_sky_lensflares
0x0000,0x00ED,world_sky_lensflare
0x0000,0x00EE,world_simple_shaders
0x0000,0x00EF,world_simple_shader
0x0000,0x00F0,world_sky_lens_beads
0x0000,0x00F1,world_sky_lens_bead
0x0000,0x00F2,world_glares
0x0000,0x00F3,world_glare
0x0000,0x00F4,world_blit3duvs
0x0000,0x00F5,max_data
0x0000,0x00F6,max_dlev_data
0x0000,0x00F7,max_smoothing_data
0x0000,0x00F8,max_sort_priorities
0x0000,0x00F9,uv_op_diffusemap
0x0000,0x00FA,world_fog_start_distance
0x0000,0x00FB,terrain_water_height_offset
0x0000,0x00FC,distance_level_info
0x0000,0x00FD,level_of_detail
0x0000,0x00FE,texaddr
0x0000,0x00FF,texture_material
0x0000,0x0100,texture_materials
0x0000,0x0101,packed_colours
0x0000,0x0102,volume_info
0x0000,0x0103,geom
0x0000,0x0104,material
0x0000,0x0105,materials
0x0000,0x0106,anim_children
0x0000,0x0107,corner
0x0000,0x0108,corners
0x0000,0x0109,u_tri
0x0000,0x010A,u_quad
0x0000,0x010B,quad
0x0000,0x010C,u_strip
0x0000,0x010D,strip
0x0000,0x010E,u_fan
0x0000,0x010F,fan
0x0000,0x0110,u_trilist
0x0000,0x0111,node
0x0000,0x0112,node_children
0x0000,0x0113,nodes
0x0000,0x0114,terrain_samples_rotation
0x0000,0x0115,terrain_npatches
0x0000,0x0116,terrain_patch_fbuffer
0x0000,0x0117,terrain_patch_map
0x0000,0x0118,terrain_npatchsets
0x0000,0x0119,terrain_sample_asbuffer
0x0000,0x011A,terrain_sample_usbuffer
0x0004,0x0001,Form_first
0x0004,0x0002,Worlddb
0x0004,0x0003,Static
0x0004,0x0004,PathObj
0x0004,0x0005,TrackObj
0x0004,0x0006,Dyntrack
0x0004,0x0007,Collection
0x0004,0x0008,Forest
0x0004,0x0009,Telepole
0x0004,0x000A,Simple
0x0004,0x000B,CollideObject
0x0004,0x000C,PhysicsObject
0x0004,0x000D,Wagon
0x0004,0x000E,Engine
0x0004,0x000F,Train
0x0004,0x0010,Itemmark
0x0004,0x0011,Signal
0x0004,0x0012,Brick
0x0004,0x0013,Propsheet_Manager
0x0004,0x0014,TrGUI_GUI_Manager
0x0004,0x0015,TrGUI_Screen
0x0004,0x0016,TrGUI_Maingui
0x0004,0x0017,TrGUI_Activitygui
0x0004,0x0018,TrGUI_Toolkitgui
0x0004,0x0019,TrGUI_Editgui
0x0004,0x001A,TrGUI_Enginegui
0x0004,0x001B,TrGUI_Schoolgui
0x0004,0x001C,TrGUI_Loadgui
0x0004,0x001D,TrGUI_Onlookergui
0x0004,0x001E,TrGUI_Optiongui
0x0004,0x001F,TrGUI_CabViewEditor
0x0004,0x0020,TrGUI_Debriefgui
0x0004,0x0021,TrGUI_DebriefDetailsgui
0x0004,0x0022,TrGUI_Routegui
0x0004,0x0023,TrGUI_Region
0x0004,0x0024,TrGUI_Button
0x0004,0x0025,TrGUI_OnOff
0x0004,0x0026,TrGUI_State3
0x0004,0x0027,TrGUI_GUI_Icon
0x0004,0x0028,TrGUI_Graphic
0x0004,0x0029,TrGUI_Bitmap
0x0004,0x002A,TrGUI_Cursor
0x0004,0x002B,TrGUI_Popup
0x0004,0x002C,TrGUI_Editbox
0x0004,0x002D,TrGUI_Listbox
0x0004,0x002E,TrGUI_LBoxItem
0x0004,0x002F,TrGUI_GUIGroup
0x0004,0x0030,TrGUI_TextArea
0x0004,0x0031,TrGUI_Slider
0x0004,0x0032,TrGUI_ComboButton
0x0004,0x0033,TrGUI_CabControl
0x0004,0x0034,TrGUI_Overlay
0x0004,0x0035,TrGUI_GuiAnim
0x0004,0x0036,TrGUI_CabViewScreen
0x0004,0x0037,TrGUI_Notebook
0x0004,0x0038,Gantry
0x0004,0x0039,CarSpawner
0x0004,0x003A,SignalGantry
0x0004,0x003B,Pickup
0x0004,0x003C,Platform
0x0004,0x003D,Siding
0x0004,0x003E,LevelCr
0x0004,0x003F,Transfer
0x0004,0x0040,Speedpost
0x0004,0x0041,Hazard
0x0004,0x0042,SMSBase
0x0004,0x0043,Soundsource
0x0004,0x0044,Soundregion
0x0004,0x0045,ControlPoint
0x0004,0x0046,FR2
0x0004,0x0047,FR3
0x0004,0x0048,FR4
0x0004,0x0049,Form_last
0x0004,0x004A,Loadstring_first
0x0004,0x004B,Tr_Worldfile
0x0004,0x004C,Tr_Watermark
0x0004,0x004D,Tr_DataFile
0x0004,0x004E,Tr_ConfigFile
0x0004,0x004F,Tr_GantryFile
0x0004,0x0050,Tr_SignalFile
0x0004,0x0051,Tr_PlayerFile
0x0004,0x0052,Tr_CabViewFile
0x0004,0x0053,Tr_RouteFile
0x0004,0x0054,Tr_Activity_File
0x0004,0x0055,Tr_Activity_Header
0x0004,0x0056,Tr_SyncCode
0x0004,0x0057,Tr_SMS
0x0004,0x0058,Tr_Worldsoundfile
0x0004,0x0059,TrainCfgs
0x0004,0x005A,TrainCfg
0x0004,0x005B,Graphic
0x0004,0x005C,Default
0x0004,0x005D,CameraConfigFile
0x0004,0x005E,Lights
0x0004,0x005F,FileName
0x0004,0x0060,FileNames
0x0004,0x0061,Position
0x0004,0x0062,Direction
0x0004,0x0063,MaxVisDistance
0x0004,0x0064,Quality
0x0004,0x0065,StaticDetailLevel
0x0004,0x0066,StoreMatrix
0x0004,0x0067,AnimShape
0x0004,0x0068,StaticFlags
0x0004,0x0069,CollideFlags
0x0004,0x006A,CollideFunction
0x0004,0x006B,Sound
0x0004,0x006C,UiD
0x0004,0x006D,TrackSections
0x0004,0x006E,TrackSection
0x0004,0x006F,TrackShapes
0x0004,0x0070,TrackShape
0x0004,0x0071,TunnelShape
0x0004,0x0072,RoadShape
0x0004,0x0073,CrossoverShape
0x0004,0x0074,ManualJunctionShape
0x0004,0x0075,SectionSize
0x0004,0x0076,SectionFlags
0x0004,0x0077,SectionIdx
0x0004,0x0078,SectionCurve
0x0004,0x0079,SectionSkew
0x0004,0x007A,XoverPts
0x0004,0x007B,XoverPt
0x0004,0x007C,JNodePosn
0x0004,0x007D,TrackNodes
0x0004,0x007E,TrackNode
0x0004,0x007F,TrPins
0x0004,0x0080,TrPin
0x0004,0x0081,TrVectorNode
0x0004,0x0082,TrJunctionNode
0x0004,0x0083,TrSignalNode
0x0004,0x0084,TrLevelCrossingNode
0x0004,0x0085,TrTrackCrossingNode
0x0004,0x0086,TrEndNode
0x0004,0x0087,TrSignalDirection
0x0004,0x0088,TrEndLinkFile
0x0004,0x0089,TrVectorSections
0x0004,0x008A,TrWorldPosition
0x0004,0x008B,TrSignal
0x0004,0x008C,TrSignalType
0x0004,0x008D,TrSignalDirs
0x0004,0x008E,TrSignalDir
0x0004,0x008F,TrSignalRDir
0x0004,0x0090,TrStateSig
0x0004,0x0091,SignalFlags
0x0004,0x0092,SignalGroups
0x0004,0x0093,SignalGroup
0x0004,0x0094,SignalGroupEntries
0x0004,0x0095,LightsTab
0x0004,0x0096,LightsTabEntry
0x0004,0x0097,LightTextures
0x0004,0x0098,LightTex
0x0004,0x0099,SignalLightTex
0x0004,0x009A,SignalTypes
0x0004,0x009B,SignalType
0x0004,0x009C,SignalFnType
0x0004,0x009D,SignalSubObjs
0x0004,0x009E,SignalSubObj
0x0004,0x009F,SignalShapes
0x0004,0x00A0,SignalShape
0x0004,0x00A1,SignalDirLights
0x0004,0x00A2,SignalDirLight
0x0004,0x00A3,SignalLights
0x0004,0x00A4,SignalLight
0x0004,0x00A5,SignalDrawStates
0x0004,0x00A6,SignalDrawState
0x0004,0x00A7,SignalAspects
0x0004,0x00A8,SignalAspect
0x0004,0x00A9,DrawLights
0x0004,0x00AA,DrawLight
0x0004,0x00AB,SemaphoreInfo
0x0004,0x00AC,SemaphorePos
0x0004,0x00AD,DirLights
0x0004,0x00AE,DirShape
0x0004,0x00AF,SignalDirDisplay
0x0004,0x00B0,SignalNumClearAhead
0x0004,0x00B1,SigSubType
0x0004,0x00B2,SigSubSType
0x0004,0x00B3,SigSubUnitSeq
0x0004,0x00B4,SigFlashDuration
0x0004,0x00B5,SigSubJnLinkIf
0x0004,0x00B6,ScriptFiles
0x0004,0x00B7,ScriptFile
0x0004,0x00B8,SpeedMPH
0x0004,0x00B9,SpeedKPH
0x0004,0x00BA,SignalUnits
0x0004,0x00BB,SignalUnit
0x0004,0x00BC,Class
0x0004,0x00BD,Align
0x0004,0x00BE,Depth
0x0004,0x00BF,TdFile
0x0004,0x00C0,Root
0x0004,0x00C1,Elevation
0x0004,0x00C2,TunnelEntrance
0x0004,0x00C3,PointList
0x0004,0x00C4,Velocity
0x0004,0x00C5,NumSpeedLimit
0x0004,0x00C6,SpeedLimit
0x0004,0x00C7,Speed
0x0004,0x00C8,Population
0x0004,0x00C9,Area
0x0004,0x00CA,Deployment
0x0004,0x00CB,ScaleRange
0x0004,0x00CC,StartPosition
0x0004,0x00CD,EndPosition
0x0004,0x00CE,StartType
0x0004,0x00CF,EndType
0x0004,0x00D0,Wire
0x0004,0x00D1,Steam
0x0004,0x00D2,Diesel
0x0004,0x00D3,Electric
0x0004,0x00D4,SafetyValvePressureDifference
0x0004,0x00D5,Regulator
0x0004,0x00D6,Cutoff
0x0004,0x00D7,Brake_Engine
0x0004,0x00D8,Brake_Train
0x0004,0x00D9,Brake_Hand
0x0004,0x00DA,Brake_Dynamic
0x0004,0x00DB,Blower
0x0004,0x00DC,HeatingTap
0x0004,0x00DD,DampersFront
0x0004,0x00DE,DampersBack
0x0004,0x00DF,Firedoor
0x0004,0x00E0,Injector1Steam
0x0004,0x00E1,Injector1Water
0x0004,0x00E2,Injector2Steam
0x0004,0x00E3,Injector2Water
0x0004,0x00E4,Sanding
0x0004,0x00E5,Whistle
0x0004,0x00E6,Throttle
0x0004,0x00E7,DirControl
0x0004,0x00E8,AWS
0x0004,0x00E9,Horn
0x0004,0x00EA,Vigilance
0x0004,0x00EB,EngineStart
0x0004,0x00EC,EngineStop
0x0004,0x00ED,OverloadReset
0x0004,0x00EE,PantographToggle1
0x0004,0x00EF,PantographToggle2
0x0004,0x00F0,CylinderCocks
0x0004,0x00F1,WaterScoop
0x0004,0x00F2,Mirrors
0x0004,0x00F3,Wipers
0x0004,0x00F4,Headlights
0x0004,0x00F5,Taillights
0x0004,0x00F6,Shovel
0x0004,0x00F7,SmallEjectorOrCompressor
0x0004,0x00F8,Simple_Control
0x0004,0x00F9,Combined_Control
0x0004,0x00FA,EmergencyStopResetToggle
0x0004,0x00FB,EmergencyStopToggle
0x0004,0x00FC,BellToggle
0x0004,0x00FD,Gear
0x0004,0x00FE,HighLowAcceleration
0x0004,0x00FF,EngineBrakingButton
0x0004,0x0100,BailOffButton
0x0004,0x0101,NumNotches
0x0004,0x0102,Notch
0x0004,0x0103,MaxInHiAcceleration
0x0004,0x0104,MaxInLowAcceleration
0x0004,0x0105,MaxSandingTime
0x0004,0x0106,DoesHornTriggerBell
0x0004,0x0107,Dummy
0x0004,0x0108,DieselEngineType
0x0004,0x0109,GearBoxNumberOfGears
0x0004,0x010A,GearBoxDirectDriveGear
0x0004,0x010B,GearBoxMaxSpeedForGears
0x0004,0x010C,GearBoxMaxTractiveForceForGears
0x0004,0x010D,GearBoxOverspeedPercentageForFailure
0x0004,0x010E,GearBoxBackLoadForce
0x0004,0x010F,GearBoxCoastingForce
0x0004,0x0110,GearBoxUpGearProportion
0x0004,0x0111,GearBoxDownGearProportion
0x0004,0x0112,GearBoxOperation
0x0004,0x0113,GearBoxEngineBraking
0x0004,0x0114,MaxWheelAcceleration
0x0004,0x0115,StartDirection
0x0004,0x0116,EndDirection
0x0004,0x0117,ViewDbSphere
0x0004,0x0118,Radius
0x0004,0x0119,NoDirLight
0x0004,0x011A,Shadow
0x0004,0x011B,VDbId
0x0004,0x011C,VDbIdCount
0x0004,0x011D,AverageObjectPositionY
0x0004,0x011E,TorsionModule
0x0004,0x011F,Centre
0x0004,0x0120,Angle
0x0004,0x0121,Type
0x0004,0x0122,None
0x0004,0x0123,Stiffness
0x0004,0x0124,Damping
0x0004,0x0125,rMin
0x0004,0x0126,rMax
0x0004,0x0127,MaxTilt
0x0004,0x0128,InertiaTensor
0x0004,0x0129,Box
0x0004,0x012A,Matrix3x3
0x0004,0x012B,Size
0x0004,0x012C,CentreOfGravity
0x0004,0x012D,Mass
0x0004,0x012E,Spring
0x0004,0x012F,Coupling
0x0004,0x0130,Hydraulic
0x0004,0x0131,Automatic
0x0004,0x0132,Chain
0x0004,0x0133,Bar
0x0004,0x0134,CouplingHasRigidConnection
0x0004,0x0135,CouplingUniqueType
0x0004,0x0136,Buffers
0x0004,0x0137,Bogie
0x0004,0x0138,Freight
0x0004,0x0139,Carriage
0x0004,0x013A,Draisine
0x0004,0x013B,Tender
0x0004,0x013C,WagonShape
0x0004,0x013D,WheelRadius
0x0004,0x013E,Wagons
0x0004,0x013F,MaxCurrent
0x0004,0x0140,MaxPower
0x0004,0x0141,MaxForce
0x0004,0x0142,MaxContinuousForce
0x0004,0x0143,r0
0x0004,0x0144,DerailRailHeight
0x0004,0x0145,DerailBufferForce
0x0004,0x0146,DerailRailForce
0x0004,0x0147,BoilerVolume
0x0004,0x0148,BoilerResponsiveness
0x0004,0x0149,BoilerEffectivity
0x0004,0x014A,CoalBurnage
0x0004,0x014B,MaxBoilerOutput
0x0004,0x014C,CylinderVolume
0x0004,0x014D,CylinderEffectivity
0x0004,0x014E,InjectorSizes
0x0004,0x014F,InjectorTypes
0x0004,0x0150,Injector1FeedRateMultiplierExhaust
0x0004,0x0151,Injector1FeedRateMultiplierLive
0x0004,0x0152,Injector2FeedRateMultiplierExhaust
0x0004,0x0153,Injector2FeedRateMultiplierLive
0x0004,0x0154,Injector1WaterValveVariance
0x0004,0x0155,Injector2WaterValveVariance
0x0004,0x0156,ExhaustLimit
0x0004,0x0157,BlastExponent
0x0004,0x0158,MaxBoilerPressure
0x0004,0x0159,MaxFireMass
0x0004,0x015A,MaxWaterMass
0x0004,0x015B,SafetyValvesSteamUsage
0x0004,0x015C,CylinderStroke
0x0004,0x015D,CylinderDiameter
0x0004,0x015E,NumCylinders
0x0004,0x015F,NumDampers
0x0004,0x0160,PrimingEffect
0x0004,0x0161,PrimingFactor
0x0004,0x0162,ShovelCoalMass
0x0004,0x0163,SmokeCombustion
0x0004,0x0164,NumWheels
0x0004,0x0165,Relaxation
0x0004,0x0166,MaxVelocity
0x0004,0x0167,MaxSteamHeatingPressure
0x0004,0x0168,IdealFireMass
0x0004,0x0169,BasicSteamUsage
0x0004,0x016A,BasicCoalUsage
0x0004,0x016B,MaxTenderCoalMass
0x0004,0x016C,MaxTenderWaterMass
0x0004,0x016D,MaxOilPressure
0x0004,0x016E,MaxTemperature
0x0004,0x016F,InjectorLimits1
0x0004,0x0170,InjectorLimits2
0x0004,0x0171,CylinderCocksPowerEfficiency
0x0004,0x0172,BoilerLength
0x0004,0x0173,BoilerRadius
0x0004,0x0174,DraftingEffect
0x0004,0x0175,PantographRaiseTime
0x0004,0x0176,Break
0x0004,0x0177,Superheater
0x0004,0x0178,BrakeVacuum
0x0004,0x0179,CriticalBlowbackLevel
0x0004,0x017A,Adheasion
0x0004,0x017B,ExtraParameters
0x0004,0x017C,Friction
0x0004,0x017D,MaxDieselLevel
0x0004,0x017E,DieselUsedPerHourAtMaxPower
0x0004,0x017F,DieselUsedPerHourAtIdle
0x0004,0x0180,SteamSmokeUnitsPerPoundOfFuel
0x0004,0x0181,SteamMaxSmokeUnitsReleaseRate
0x0004,0x0182,SteamGaugeGlassHeight
0x0004,0x0183,SteamMaxWaterHeightMultiple
0x0004,0x0184,SteamMinPrimingLevel
0x0004,0x0185,SteamPrimingPowerLossProportion
0x0004,0x0186,SteamPrimingWaterUsageIncreaseProportion
0x0004,0x0187,SteamPrimingInjectorsFailAtLevel
0x0004,0x0188,SteamPrimingReductionWithCylinderCocksOpen
0x0004,0x0189,DieselEngineMaxRPM
0x0004,0x018A,DieselEngineIdleRPM
0x0004,0x018B,DieselEngineStallRPM
0x0004,0x018C,DieselEngineSpeedOfMaxTractiveEffort
0x0004,0x018D,DieselEngineMaxRPMChangeRate
0x0004,0x018E,DoesBrakeCutPower
0x0004,0x018F,BrakeCutsPowerAtBrakeCylinderPressure
0x0004,0x0190,DieselSmokeEffectMaxMagnitude
0x0004,0x0191,DieselSmokeEffectInitialMagnitude
0x0004,0x0192,DieselSmokeEffectInitialSmokeRate
0x0004,0x0193,DieselSmokeEffectMaxSmokeRate
0x0004,0x0194,BrakeEquipmentType
0x0004,0x0195,BrakeSystemType
0x0004,0x0196,MaxBrakeForce
0x0004,0x0197,MaxHandbrakeForce
0x0004,0x0198,NumberOfHandbrakeLeverSteps
0x0004,0x0199,QuickReleaseTriggerRate
0x0004,0x019A,QuickReleaseMagnification
0x0004,0x019B,QuickApplicationTriggerRate
0x0004,0x019C,QuickApplicationMagnification
0x0004,0x019D,EmergencyBrakeResMaxPressure
0x0004,0x019E,EmergencyBrakeTriggerRate
0x0004,0x019F,TrainPipeLeakRate
0x0004,0x01A0,AuxilaryLeakRate
0x0004,0x01A1,TripleValveRatio
0x0004,0x01A2,MaxReleaseRate
0x0004,0x01A3,MaxApplicationRate
0x0004,0x01A4,MaxAuxilaryChargingRate
0x0004,0x01A5,EmergencyResCapacity
0x0004,0x01A6,EmergencyResChargingRate
0x0004,0x01A7,RetainingValveSlowReleaseRate
0x0004,0x01A8,BrakeCylinderPressureForMaxBrakeBrakeForce
0x0004,0x01A9,EmergencyResVolumeMultiplier
0x0004,0x01AA,BrakeDistributorFullServicePressure
0x0004,0x01AB,BrakeDistributorEmergencyApplicationPressure
0x0004,0x01AC,BrakeDistributorMaxAuxilaryResPressure
0x0004,0x01AD,BrakeDistributorEmergencyResPressure
0x0004,0x01AE,BrakeDistributorReleaseRate
0x0004,0x01AF,BrakeDistributorApplicationRate
0x0004,0x01B0,BrakeDistributorEmergencyApplicationRate
0x0004,0x01B1,BrakeDistributorTrainPipeAuxResPressureDifferenceForApplication
0x0004,0x01B2,BrakeDistributorTrainPipeControlRatio
0x0004,0x01B3,BrakeDistributorNormalFullReleasePressure
0x0004,0x01B4,MaxBrakeCylinderPressure
0x0004,0x01B5,BrakeAirPressureGainInResForOnePoundFromPipe
0x0004,0x01B6,BrakeAuxilaryResPressure
0x0004,0x01B7,BrakeEmergencyResPressure
0x0004,0x01B8,AirBrakeMaxMainResPipePressure
0x0004,0x01B9,AirBrakesAirCompressorPowerRating
0x0004,0x01BA,AirBrakesMainMinResAirPressure
0x0004,0x01BB,AirBrakesMainMaxAirPressure
0x0004,0x01BC,AirBrakesMainResVolume
0x0004,0x01BD,AirBrakesAirCompressorWattage
0x0004,0x01BE,AirBrakesCompressorRestartPressure
0x0004,0x01BF,AirBrakesSteamUsageRate
0x0004,0x01C0,AirBrakesAirUsedPerPoundsOfBrakePipePressure
0x0004,0x01C1,AirBrakesHasLowPressureTest
0x0004,0x01C2,AirBrakesIsCompressorElectricOrMechanical
0x0004,0x01C3,VacuumBrakesExhauster1PowerRating
0x0004,0x01C4,VacuumBrakesExhauster2PowerRating
0x0004,0x01C5,VacuumBrakesExhausterIdlingPowerRating
0x0004,0x01C6,VacuumBrakesIsExhausterElectricOrMechanical
0x0004,0x01C7,VacuumBrakesExhauster1Wattage
0x0004,0x01C8,VacuumBrakesExhauster2Wattage
0x0004,0x01C9,VacuumBrakeBoilerPressureForZeroVacuum
0x0004,0x01CA,VacuumBrakesSmallEjectorPowerRating
0x0004,0x01CB,VacuumBrakesMinBoilerPressureMaxVacuum
0x0004,0x01CC,VacuumBrakesSmallEjectorUsageRate
0x0004,0x01CD,VacuumBrakesLargeEjectorUsageRate
0x0004,0x01CE,VacuumBrakesHasVacuumPump
0x0004,0x01CF,VacuumBrakesVacuumPumpPower
0x0004,0x01D0,VacuumBrakesVacuumPumpResistance
0x0004,0x01D1,DynamicBrakesMinUsableSpeed
0x0004,0x01D2,DynamicBrakesMaximumEffectiveSpeed
0x0004,0x01D3,DynamicBrakesMaximumForce
0x0004,0x01D4,DynamicBrakesResistorCurrentLimit
0x0004,0x01D5,DynamicBrakesCutInSpeed
0x0004,0x01D6,DynamicBrakesMaxAirBrakePressure
0x0004,0x01D7,DynamicBrakesFadingSpeed
0x0004,0x01D8,DynamicBrakesDelayTimeBeforeEngaging
0x0004,0x01D9,DynamicBrakesMaximumSpeedForFadeOut
0x0004,0x01DA,DynamicBrakesEffectAtMaximumFadeOut
0x0004,0x01DB,DynamicBrakesHigherSpeedCurveExponent
0x0004,0x01DC,DynamicBrakesLowerSpeedCurveExponent
0x0004,0x01DD,DynamicBrakesNumberOfControllerNotches
0x0004,0x01DE,DynamicBrakeHasAutoBailOff
0x0004,0x01DF,TrainBrakesControllerDirectControlExponent
0x0004,0x01E0,TrainBrakesControllerFullQuickReleaseStart
0x0004,0x01E1,TrainBrakesControllerGraduatedQuickReleaseStart
0x0004,0x01E2,TrainBrakesControllerReleaseStart
0x0004,0x01E3,TrainBrakesControllerReleaseLappedStart
0x0004,0x01E4,TrainBrakesControllerHoldLappedStart
0x0004,0x01E5,TrainBrakesControllerHoldStart
0x0004,0x01E6,TrainBrakesControllerEPApplyStart
0x0004,0x01E7,TrainBrakesControllerEPHoldStart
0x0004,0x01E8,TrainBrakesControllerRunningStart
0x0004,0x01E9,TrainBrakesControllerSelfLapStart
0x0004,0x01EA,TrainBrakesControllerGraduatedSelfLapStart
0x0004,0x01EB,TrainBrakesControllerGraduatedSelfLapLimitedStart
0x0004,0x01EC,TrainBrakesControllerGraduatedSelfLapLimitedHoldingStart
0x0004,0x01ED,EngineBrakesControllerGraduatedSelfLapLimitedHoldingStart
0x0004,0x01EE,TrainBrakesControllerGraduatedSelfLapLimitedKeepPsiStart
0x0004,0x01EF,TrainBrakesControllerNeutralhandleOffStart
0x0004,0x01F0,TrainBrakesControllerMinimalReductionStart
0x0004,0x01F1,TrainBrakesControllerApplyStart
0x0004,0x01F2,TrainBrakesControllerFullServiceStart
0x0004,0x01F3,TrainBrakesControllerSuppressionStart
0x0004,0x01F4,TrainBrakesControllerContinuousServiceStart
0x0004,0x01F5,TrainBrakesControllerEmergencyStart
0x0004,0x01F6,TrainBrakesControllerMaxApplicationRate
0x0004,0x01F7,TrainBrakesControllerMaxQuickReleaseRate
0x0004,0x01F8,TrainBrakesControllerMaxReleaseRate
0x0004,0x01F9,TrainBrakesControllerEmergencyApplicationRate
0x0004,0x01FA,TrainBrakesControllerMinSystemPressure
0x0004,0x01FB,TrainBrakesControllerMaxSystemPressure
0x0004,0x01FC,TrainBrakesControllerEmergencyBrakeTimePenalty
0x0004,0x01FD,TrainBrakesControllerMinPressureReduction
0x0004,0x01FE,TrainBrakesControllerFullServicePressureDrop
0x0004,0x01FF,TrainBrakesControllerMaxPressureDropInNormalApplication
0x0004,0x0200,TrainBrakesControllerMinContinuousService
0x0004,0x0201,TrainBrakesControllerMaxContinuousService
0x0004,0x0202,EngineBrakesControllerDirectControlExponent
0x0004,0x0203,EngineBrakesControllerFullQuickReleaseStart
0x0004,0x0204,EngineBrakesControllerGraduatedQuickReleaseStart
0x0004,0x0205,EngineBrakesControllerReleaseStart
0x0004,0x0206,EngineBrakesControllerReleaseLappedStart
0x0004,0x0207,EngineBrakesControllerHoldLappedStart
0x0004,0x0208,EngineBrakesControllerHoldStart
0x0004,0x0209,EngineBrakesControllerEPApplyStart
0x0004,0x020A,EngineBrakesControllerEPHoldStart
0x0004,0x020B,EngineBrakesControllerRunningStart
0x0004,0x020C,EngineBrakesControllerSelfLapStart
0x0004,0x020D,EngineBrakesControllerGraduatedSelfLapStart
0x0004,0x020E,EngineBrakesControllerGraduatedSelfLapLimitedStart
0x0004,0x020F,EngineBrakesControllerGraduatedSelfLapLimitedKeepPsiStart
0x0004,0x0210,EngineBrakesControllerNeutralHandleOffStart
0x0004,0x0211,EngineBrakesControllerMinimalReductionStart
0x0004,0x0212,EngineBrakesControllerApplyStart
0x0004,0x0213,EngineBrakesControllerFullServiceStart
0x0004,0x0214,EngineBrakesControllerSuppressionStart
0x0004,0x0215,EngineBrakesControllerContinuousServiceStart
0x0004,0x0216,EngineBrakesControllerEmergencyStart
0x0004,0x0217,EngineBrakesControllerMaxApplicationRate
0x0004,0x0218,EngineBrakesControllerMaxQuickReleaseRate
0x0004,0x0219,EngineBrakesControllerMaxReleaseRate
0x0004,0x021A,EngineBrakesControllerEmergencyApplicationRate
0x0004,0x021B,EngineBrakesControllerMinSystemPressure
0x0004,0x021C,EngineBrakesControllerMaxSystemPressure
0x0004,0x021D,EngineBrakesControllerEmergencyBrakeTimePenalty
0x0004,0x021E,EngineBrakesControllerMinPressureReduction
0x0004,0x021F,EngineBrakesControllerFullServicePressureDrop
0x0004,0x0220,EngineBrakesControllerMaxPressureDropInNormalApplication
0x0004,0x0221,EngineBrakesControllerHasProportionalBrake
0x0004,0x0222,EngineBrakesProportionalBrakeLag
0x0004,0x0223,EngineBrakesProportionalBrakeOutputReleasedPressure
0x0004,0x0224,EngineBrakesProportionalBrakeOutputAppliedPressure
0x0004,0x0225,EngineBrakesProportionalBrakeInputReleasedPressure
0x0004,0x0226,EngineBrakesProportionalBrakeInputAppliedPressure
0x0004,0x0227,BrakesEngineBrakeType
0x0004,0x0228,BrakesTrainBrakeType
0x0004,0x0229,EngineBrakesControllerMinContinuousService
0x0004,0x022A,EngineBrakesControllerMaxContinuousService
0x0004,0x022B,EngineControllers
0x0004,0x022C,BrakesEngineControllers
0x0004,0x022D,RegulatorValveType
0x0004,0x022E,RegulatorSecondValveStartPosition
0x0004,0x022F,RegulatorPilotValveExponent
0x0004,0x0230,RegulatorSecondValveExponent
0x0004,0x0231,RegulatorPilotValveFullOpenning
0x0004,0x0232,RegulatorMainValveInitialOpenning
0x0004,0x0233,SteamBlowerEffectExponent
0x0004,0x0234,SteamBlowerEfficiencyExponent
0x0004,0x0235,SteamBlowerMaxSteamUsageRate
0x0004,0x0236,SteamBlowerMaxProportionOfBlastEffect
0x0004,0x0237,SteamWaterScoopMinPickupSpeed
0x0004,0x0238,SteamWaterScoopMaxPickupSpeed
0x0004,0x0239,SteamWaterScoopResistance
0x0004,0x023A,SteamWaterScoopMaxPickupRate
0x0004,0x023B,SteamFiremanConditionLossRateConstant
0x0004,0x023C,SteamFiremanConditionGainRateConstant
0x0004,0x023D,SteamFiremanEnergyLossRateConstant
0x0004,0x023E,SteamFiremanEnergyGainRateConstant
0x0004,0x023F,SteamFiremanMaxConstantFiringRate
0x0004,0x0240,SteamFiremanMaxPossibleFiringRate
0x0004,0x0241,SteamFiremanEnergyUsedPerPoundOfCoal
0x0004,0x0242,SteamFiremanIsMechanicalStoker
0x0004,0x0243,SteamOilBurnerMinBurnRate
0x0004,0x0244,SteamOilBurnerMaxBurnRate
0x0004,0x0245,SteamOilBurnerControlExponent
0x0004,0x0246,SteamOilBurnerSteamFromOnePoundOfOilBurnt
0x0004,0x0247,SteamOilBurnerMaxRateOfTempChange
0x0004,0x0248,SteamOilBurnerEfficiencyExponent
0x0004,0x0249,SteamOilBurnerMinBurnerTemperature
0x0004,0x024A,SteamOilBurnerMaxBurnerTemperature
0x0004,0x024B,SteamOilBurnerTemperatureChnageExponent
0x0004,0x024C,SteamOilBurnerSteamGenerationExponent
0x0004,0x024D,SteamOilBurnerSmokeForOnePoundOfOil
0x0004,0x024E,SteamOilBurnerSteamFuelType
0x0004,0x024F,SteamCylinderCocksOperation
0x0004,0x0250,CutoffMaxReverse
0x0004,0x0251,CutoffMaxForward
0x0004,0x0252,SteamSmallestCutoff
0x0004,0x0253,NumberOfDamperSteps
0x0004,0x0254,IsTenderRequired
0x0004,0x0255,Handbrake
0x0004,0x0256,AntiSlip
0x0004,0x0257,Inside
0x0004,0x0258,PassengerCabinFile
0x0004,0x0259,PassengerCabinHeadPos
0x0004,0x025A,Thumbnail
0x0004,0x025B,HeadOut
0x0004,0x025C,Mirror
0x0004,0x025D,Wiper
0x0004,0x025E,Door
0x0004,0x025F,Pantograph
0x0004,0x0260,Wheelset
0x0004,0x0261,IntakePoint
0x0004,0x0262,FreightGrain
0x0004,0x0263,FreightCoal
0x0004,0x0264,FreightGravel
0x0004,0x0265,FreightSand
0x0004,0x0266,FuelWater
0x0004,0x0267,FuelCoal
0x0004,0x0268,FuelDiesel
0x0004,0x0269,SpecialMail
0x0004,0x026A,FreightAnim
0x0004,0x026B,EngineOperatingProcedures
0x0004,0x026C,TrItemRefs
0x0004,0x026D,TrItemRef
0x0004,0x026E,TrItemId
0x0004,0x026F,TrItemSData
0x0004,0x0270,TrItemPData
0x0004,0x0271,TrItemRData
0x0004,0x0272,TrItemSRData
0x0004,0x0273,TrItemTable
0x0004,0x0274,EmptyItem
0x0004,0x0275,SignalItem
0x0004,0x0276,PickupItem
0x0004,0x0277,PlatformItem
0x0004,0x0278,HazzardItem
0x0004,0x0279,CarSpawnerItem
0x0004,0x027A,SidingItem
0x0004,0x027B,LevelCrItem
0x0004,0x027C,SpeedPostItem
0x0004,0x027D,SoundRegionItem
0x0004,0x027E,CrossoverItem
0x0004,0x027F,TrainWagons
0x0004,0x0280,WagonType
0x0004,0x0281,CoupledWith
0x0004,0x0282,WagonData
0x0004,0x0283,EngineData
0x0004,0x0284,FirstWagon
0x0004,0x0285,QDirection
0x0004,0x0286,EngineVariables
0x0004,0x0287,TrainData
0x0004,0x0288,Inverse
0x0004,0x0289,Flip
0x0004,0x028A,NotCoupledToActiveTrain
0x0004,0x028B,NextWagonUID
0x0004,0x028C,Durability
0x0004,0x028D,Effects
0x0004,0x028E,FrontView
0x0004,0x028F,LeftView
0x0004,0x0290,RightView
0x0004,0x0291,HornFX
0x0004,0x0292,BellFX
0x0004,0x0293,AlerterFX
0x0004,0x0294,SteamSpecialEffects
0x0004,0x0295,CylindersFX
0x0004,0x0296,DrainpipeFX
0x0004,0x0297,StackFX
0x0004,0x0298,SafetyValvesFX
0x0004,0x0299,WhistleFX
0x0004,0x029A,DieselSpecialEffects
0x0004,0x029B,Exhaust1
0x0004,0x029C,Exhaust2
0x0004,0x029D,Marker
0x0004,0x029E,Coords
0x0004,0x029F,mapmm
0x0004,0x02A0,TrItemSignal
0x0004,0x02A1,TrItemDest
0x0004,0x02A2,TrDestName
0x0004,0x02A3,TrDestNameId
0x0004,0x02A4,NumSections
0x0004,0x02A5,MainRoute
0x0004,0x02A6,NumPaths
0x0004,0x02A7,ClearanceDist
0x0004,0x02A8,Camera
0x0004,0x02A9,CamType
0x0004,0x02AA,CamTypeBrick
0x0004,0x02AB,CamTypeFrontTracking
0x0004,0x02AC,CamTypeRearTracking
0x0004,0x02AD,CamTypePassenger
0x0004,0x02AE,CamTypeCab
0x0004,0x02AF,CamTypeSpotter
0x0004,0x02B0,CamTypeDerail
0x0004,0x02B1,CamTypeHeadOut
0x0004,0x02B2,CamTypeCoupling
0x0004,0x02B3,CamTypeYard
0x0004,0x02B4,CamControlNo
0x0004,0x02B5,CamControlRotate
0x0004,0x02B6,CamControlFull
0x0004,0x02B7,CamControlStrafe
0x0004,0x02B8,CamControlIsometric
0x0004,0x02B9,CamControlViewSwitch
0x0004,0x02BA,CamControlTethered
0x0004,0x02BB,CamControlDerail
0x0004,0x02BC,CamControlCoupling
0x0004,0x02BD,CamControlYard
0x0004,0x02BE,WagonNum
0x0004,0x02BF,RotationLimit
0x0004,0x02C0,Fov
0x0004,0x02C1,ZClip
0x0004,0x02C2,CameraOffset
0x0004,0x02C3,ObjectOffset
0x0004,0x02C4,Subpath
0x0004,0x02C5,FileIndex
0x0004,0x02C6,TrGUI_Editbox_Vars
0x0004,0x02C7,TrGUI_Editbox_Focus_Lock
0x0004,0x02C8,TrGUI_Editbox_Alphanumeric
0x0004,0x02C9,TrGUI_Listbox_Node
0x0004,0x02CA,TrGUI_List_Slots
0x0004,0x02CB,TrGUI_Listbox_SlotHt
0x0004,0x02CC,TrGUI_Listbox_Max
0x0004,0x02CD,TrGUI_Listbox_Min_Slots
0x0004,0x02CE,TrGUI_Listbox_Slider
0x0004,0x02CF,TrGUI_Scroll_Delay
0x0004,0x02D0,TrGUI_Region_Name
0x0004,0x02D1,TrGUI_Region_Surf
0x0004,0x02D2,TrGUI_Region_Disabled
0x0004,0x02D3,TrGUI_Region_Dis_Surf
0x0004,0x02D4,TrGUI_Region_Area
0x0004,0x02D5,TrGUI_Region_Cursor
0x0004,0x02D6,TrGUI_Region_Parent
0x0004,0x02D7,TrGUI_Region_Layer
0x0004,0x02D8,TrGUI_Region_Drag_Target
0x0004,0x02D9,TrGUI_Region_Font
0x0004,0x02DA,TrGUI_Region_DisFont
0x0004,0x02DB,TrGUI_Region_Shadow_Font
0x0004,0x02DC,TrGUI_Region_TextArea
0x0004,0x02DD,TrGUI_Region_Text_Owned
0x0004,0x02DE,TrGUI_Slider_Vertical
0x0004,0x02DF,TrGUI_Slider_Centre
0x0004,0x02E0,TrGUI_Slider_Min_Max
0x0004,0x02E1,TrGUI_Slider_Quantized
0x0004,0x02E2,TrGUI_Slider_Back
0x0004,0x02E3,TrGUI_Slider_Area
0x0004,0x02E4,TrGUI_Tooltip_Text
0x0004,0x02E5,TrGUI_Drag_Bitmap
0x0004,0x02E6,TrGUI_Text_Pos
0x0004,0x02E7,TrGUI_Mouse_LDn
0x0004,0x02E8,TrGUI_Mouse_RDn
0x0004,0x02E9,TrGUI_Mouse_LDblClick
0x0004,0x02EA,TrGUI_Mouse_RDblClick
0x0004,0x02EB,TrGUI_Mouse_LUp
0x0004,0x02EC,TrGUI_Mouse_RUp
0x0004,0x02ED,TrGUI_Mouse_LHeld
0x0004,0x02EE,TrGUI_Mouse_RHeld
0x0004,0x02EF,TrGUI_Mouse_Focus
0x0004,0x02F0,TrGUI_Hotspot
0x0004,0x02F1,TrGUI_Cursor_Surfs
0x0004,0x02F2,TrGUI_Widget
0x0004,0x02F3,TrGUI_Icon_Set
0x0004,0x02F4,TrGUI_Next_Screen
0x0004,0x02F5,TrGUI_Parent_Screen
0x0004,0x02F6,TrGUI_Loading_Screen
0x0004,0x02F7,TrGUI_Textbox_Slider
0x0004,0x02F8,TrGUI_IOM_Filename
0x0004,0x02F9,TrGUI_Debrief_Screen
0x0004,0x02FA,TrGUI_Up_Button
0x0004,0x02FB,TrGUI_Dn_Button
0x0004,0x02FC,TrGUI_Num_Lines
0x0004,0x02FD,TrGUI_Onoff_Dn_Surf
0x0004,0x02FE,TrGUI_Onoff_Radio
0x0004,0x02FF,TrGUI_Onoff_Popup_Centre
0x0004,0x0300,TrGUI_Timeout
0x0004,0x0301,TrGUI_Popup_Non_Modal
0x0004,0x0302,TrGUI_Button_Down_Surf
0x0004,0x0303,TrGUI_Button_Down_Font
0x0004,0x0304,TrGUI_Button_Group
0x0004,0x0305,TrGUI_Group_Max_On
0x0004,0x0306,TrGUI_State3_Hi_Font
0x0004,0x0307,TrGUI_State3_Hi_Surf
0x0004,0x0308,TrGUI_ComboButton_Popup
0x0004,0x0309,TrGUI_ComboButton_Listbox
0x0004,0x030A,TrGUI_ComboButton_Display_Region
0x0004,0x030B,TrGUI_ComboButton_Open_Up
0x0004,0x030C,TrGUI_ComboButton_Use_Bitmaps
0x0004,0x030D,TrGUI_ComboButton_No_Text
0x0004,0x030E,TrGUI_ComboButton_Listbox_Sound
0x0004,0x030F,TrGUI_Overlay_Type
0x0004,0x0310,TrGUI_Anim_Frame_Area
0x0004,0x0311,TrGUI_Anim_Num_Frames
0x0004,0x0312,TrGUI_Anim_Delay
0x0004,0x0313,TrGUI_Anim_Reverse
0x0004,0x0314,TrGUI_Anim_Loop
0x0004,0x0315,TPoleConfigData
0x0004,0x0316,TPoleConfig
0x0004,0x0317,Config
0x0004,0x0318,Separation
0x0004,0x0319,ESD_Bounding_Box
0x0004,0x031A,ESD_Tunnel
0x0004,0x031B,ESD_Complex_Box
0x0004,0x031C,ESD_Complex
0x0004,0x031D,ESD_Sphere
0x0004,0x031E,ESD_Alternative_Texture
0x0004,0x031F,ESD_Shape_Count
0x0004,0x0320,ESD_Detail_Level
0x0004,0x0321,ESD_No_Visual_Obstruction
0x0004,0x0322,ESD_Snapable
0x0004,0x0323,ESD_Software_Dlev
0x0004,0x0324,ESD_SubObj
0x0004,0x0325,ESD_Headlight
0x0004,0x0326,PlatformName
0x0004,0x0327,PlatformData
0x0004,0x0328,PlatformTrItemData
0x0004,0x0329,PlatformMinWaitingTime
0x0004,0x032A,PlatformNumPassengersWaiting
0x0004,0x032B,SpeedRange
0x0004,0x032C,PickupType
0x0004,0x032D,PickupAnimData
0x0004,0x032E,PickupCapacity
0x0004,0x032F,PickupTrItemData
0x0004,0x0330,CarFrequency
0x0004,0x0331,CarAvSpeed
0x0004,0x0332,CarSpawnerTrItemData
0x0004,0x0333,SidingName
0x0004,0x0334,SidingData
0x0004,0x0335,SidingTrItemData
0x0004,0x0336,LevelCrParameters
0x0004,0x0337,LevelCrData
0x0004,0x0338,LevelCrTiming
0x0004,0x0339,LevelCrTrItemData
0x0004,0x033A,SpeedpostFlags
0x0004,0x033B,SpeedpostNumber
0x0004,0x033C,SpeedpostTrItemData
0x0004,0x033D,Speedpost_Set_Count
0x0004,0x033E,Speedpost_Set
0x0004,0x033F,Speed_Sign_Shape
0x0004,0x0340,Speed_Warning_Sign_Shape
0x0004,0x0341,Speed_Resume_Sign_Shape
0x0004,0x0342,Speed_Digit_Tex
0x0004,0x0343,Milepost_Shape
0x0004,0x0344,Milepost_Digit_Tex
0x0004,0x0345,Restricted_Shape
0x0004,0x0346,End_Restricted_Shape
0x0004,0x0347,Speed_Text_Size
0x0004,0x0348,Milepost_Text_Size
0x0004,0x0349,CrossoverTrItemData
0x0004,0x034A,TrackType
0x0004,0x034B,Style
0x0004,0x034C,GantrySets
0x0004,0x034D,GantrySet
0x0004,0x034E,GantryTable
0x0004,0x034F,GantryTableEntry
0x0004,0x0350,Distance
0x0004,0x0351,GantryInfo
0x0004,0x0352,GantryShape
0x0004,0x0353,GantrySize
0x0004,0x0354,Width
0x0004,0x0355,Height
0x0004,0x0356,TreeTexture
0x0004,0x0357,TreeSize
0x0004,0x0358,Birds
0x0004,0x0359,Idle_Key
0x0004,0x035A,Idle_Key2
0x0004,0x035B,Surprise_Key_Left
0x0004,0x035C,Surprise_Key_Right
0x0004,0x035D,Success_Scarper_Key
0x0004,0x035E,Fail_Scarper_Key
0x0004,0x035F,SoundregionTrackType
0x0004,0x0360,SoundregionRoty
0x0004,0x0361,Players
0x0004,0x0362,Player
0x0004,0x0363,CabView
0x0004,0x0364,CabViewType
0x0004,0x0365,CabViewFile
0x0004,0x0366,CabViewWindow
0x0004,0x0367,CabViewWindowFile
0x0004,0x0368,CabViewControls
0x0004,0x0369,Gauge
0x0004,0x036A,Dial
0x0004,0x036B,Digital
0x0004,0x036C,DigitalClock
0x0004,0x036D,AnalogueClock
0x0004,0x036E,MultiStateDisplay
0x0004,0x036F,CabSignalDisplay
0x0004,0x0370,TwoState
0x0004,0x0371,TriState
0x0004,0x0372,CombinedControl
0x0004,0x0373,Lever
0x0004,0x0374,Firebox
0x0004,0x0375,ZeroPos
0x0004,0x0376,PositiveColour
0x0004,0x0377,NegativeColour
0x0004,0x0378,DecreaseColour
0x0004,0x0379,ControlColour
0x0004,0x037A,Orientation
0x0004,0x037B,Units
0x0004,0x037C,Pivot
0x0004,0x037D,ScalePos
0x0004,0x037E,Accuracy
0x0004,0x037F,AccuracySwitch
0x0004,0x0380,LeadingZeros
0x0004,0x0381,Justification
0x0004,0x0382,States
0x0004,0x0383,State
0x0004,0x0384,SwitchVal
0x0004,0x0385,MouseControl
0x0004,0x0386,NumFrames
0x0004,0x0387,NumPositions
0x0004,0x0388,NumValues
0x0004,0x0389,DirIncrease
0x0004,0x038A,RouteID
0x0004,0x038B,Name
0x0004,0x038C,Description
0x0004,0x038D,Electrified
0x0004,0x038E,Mountains
0x0004,0x038F,OverheadWireHeight
0x0004,0x0390,PassengerRuleSet
0x0004,0x0391,FreightRuleSet
0x0004,0x0392,SignalSet
0x0004,0x0393,TrackGauge
0x0004,0x0394,Era
0x0004,0x0395,Environment
0x0004,0x0396,SpringClear
0x0004,0x0397,SpringRain
0x0004,0x0398,SpringSnow
0x0004,0x0399,SummerClear
0x0004,0x039A,SummerRain
0x0004,0x039B,SummerSnow
0x0004,0x039C,AutumnClear
0x0004,0x039D,AutumnRain
0x0004,0x039E,AutumnSnow
0x0004,0x039F,WinterClear
0x0004,0x03A0,WinterRain
0x0004,0x03A1,WinterSnow
0x0004,0x03A2,TerrainErrorScale
0x0004,0x03A3,RouteStart
0x0004,0x03A4,LoadingScreen
0x0004,0x03A5,MilepostUnitsMiles
0x0004,0x03A6,MilepostUnitsKilometers
0x0004,0x03A7,MaxLineVoltage
0x0004,0x03A8,DefaultSignalSMS
0x0004,0x03A9,DefaultCrossingSMS
0x0004,0x03AA,DefaultWaterTowerSMS
0x0004,0x03AB,DefaultCoalTowerSMS
0x0004,0x03AC,DefaultDieselTowerSMS
0x0004,0x03AD,TempRestrictedSpeed
0x0004,0x03AE,PathID
0x0004,0x03AF,Mode
0x0004,0x03B0,Briefing
0x0004,0x03B1,Player_Train_Config
0x0004,0x03B2,CoalLevel
0x0004,0x03B3,WaterLevel
0x0004,0x03B4,FuelLevel
0x0004,0x03B5,StartingSpeed
0x0004,0x03B6,EndingSpeed
0x0004,0x03B7,Season
0x0004,0x03B8,Weather
0x0004,0x03B9,StartTime
0x0004,0x03BA,Hazards
0x0004,0x03BB,Animals
0x0004,0x03BC,Workers
0x0004,0x03BD,Debris
0x0004,0x03BE,Voltage
0x0004,0x03BF,Difficulty
0x0004,0x03C0,Severity
0x0004,0x03C1,StationProperties
0x0004,0x03C2,Station
0x0004,0x03C3,ID
0x0004,0x03C4,Value
0x0004,0x03C5,FailedSignals
0x0004,0x03C6,FailedSignal
0x0004,0x03C7,FreightPoints
0x0004,0x03C8,FreightPoint
0x0004,0x03C9,Action
0x0004,0x03CA,MailPoints
0x0004,0x03CB,MailPoint
0x0004,0x03CC,ActivityObjects
0x0004,0x03CD,ActivityObject
0x0004,0x03CE,ActivityRestrictedSpeedZones
0x0004,0x03CF,ActivityRestrictedSpeedZone
0x0004,0x03D0,ActivityFailedSignals
0x0004,0x03D1,ActivityFailedSignal
0x0004,0x03D2,Tile
0x0004,0x03D3,ObjectType
0x0004,0x03D4,Events
0x0004,0x03D5,Location
0x0004,0x03D6,Trigger
0x0004,0x03D7,Outcomes
0x0004,0x03D8,PickupIdAndAmount
0x0004,0x03D9,TextToDisplayOnCompletionIfTriggered
0x0004,0x03DA,TextToDisplayOnCompletionIfNotTriggered
0x0004,0x03DB,TextToDisplayDescriptionOfTask
0x0004,0x03DC,BreakSpeedRecord
0x0004,0x03DD,CoupleToTrainset
0x0004,0x03DE,LeaveWagons
0x0004,0x03DF,PickedUpPassengers
0x0004,0x03E0,PickedUpCargo
0x0004,0x03E1,ReachedSpeed
0x0004,0x03E2,Time
0x0004,0x03E3,AITrains
0x0004,0x03E4,Traffic_Definition
0x0004,0x03E5,Service_Definition
0x0004,0x03E6,Train_Config
0x0004,0x03E7,Reversable_Event
0x0004,0x03E8,ActivitySuccessText
0x0004,0x03E9,ActivityFailText
0x0004,0x03EA,TriggerOnStop
0x0004,0x03EB,CompleteActivity
0x0004,0x03EC,IncActLevel
0x0004,0x03ED,DecActLevel
0x0004,0x03EE,ActivateEvent
0x0004,0x03EF,RestoreActLevel
0x0004,0x03F0,DisplayMessage
0x0004,0x03F1,PlaySound
0x0004,0x03F2,ActivitySuccess
0x0004,0x03F3,ActivityFail
0x0004,0x03F4,StartIgnoringSpeedLimits
0x0004,0x03F5,StopIgnoringSpeedLimits
0x0004,0x03F6,Activation_Level
0x0004,0x03F7,EventCategoryLocation
0x0004,0x03F8,EventCategoryTime
0x0004,0x03F9,EventCategoryAction
0x0004,0x03FA,EventTypeLocation
0x0004,0x03FB,EventTypeTime
0x0004,0x03FC,NextServiceUID
0x0004,0x03FD,NextActivityObjectUID
0x0004,0x03FE,EventTypeAllStops
0x0004,0x03FF,EventTypePickUpPassengers
0x0004,0x0400,EventTypePickUp
0x0004,0x0401,EventTypeReachSpeed
0x0004,0x0402,EventTypePickUpWagons
0x0004,0x0403,EventTypeDropOffWagonsAtLocation
0x0004,0x0404,EventTypeAssembleTrain
0x0004,0x0405,EventTypeAssembleTrainAtLocation
0x0004,0x0406,Wagon_List
0x0004,0x0407,TimeTable
0x0004,0x0408,StartInWorld
0x0004,0x0409,EndInWorld
0x0004,0x040A,StationStop
0x0004,0x040B,PlatformStartID
0x0004,0x040C,PlatformEndID
0x0004,0x040D,ArrivalTime
0x0004,0x040E,MinWaitingTime
0x0004,0x040F,DepartTime
0x0004,0x0410,DistanceDownPath
0x0004,0x0411,Efficiency
0x0004,0x0412,SkipCount
0x0004,0x0413,TrackPDPs
0x0004,0x0414,TrackPDP
0x0004,0x0415,TrackPaths
0x0004,0x0416,TrackPath
0x0004,0x0417,TrPathName
0x0004,0x0418,TrPathStart
0x0004,0x0419,TrPathEnd
0x0004,0x041A,TrPathNodeSid
0x0004,0x041B,TrPathPDPRef
0x0004,0x041C,TrPathNodes
0x0004,0x041D,TrPathNode
0x0004,0x041E,TrPathFlags
0x0004,0x041F,ScalabiltyGroup
0x0004,0x0420,Streams
0x0004,0x0421,Stream
0x0004,0x0422,Triggers
0x0004,0x0423,Discrete_Trigger
0x0004,0x0424,Variable_Trigger
0x0004,0x0425,Initial_Trigger
0x0004,0x0426,Dist_Travelled_Trigger
0x0004,0x0427,Random_Trigger
0x0004,0x0428,Delay_Min_Max
0x0004,0x0429,Volume_Min_Max
0x0004,0x042A,Dist_Min_Max
0x0004,0x042B,Speed_Inc_Past
0x0004,0x042C,Speed_Dec_Past
0x0004,0x042D,Distance_Inc_Past
0x0004,0x042E,Distance_Dec_Past
0x0004,0x042F,Variable1_Inc_Past
0x0004,0x0430,Variable1_Dec_Past
0x0004,0x0431,Variable2_Inc_Past
0x0004,0x0432,Variable2_Dec_Past
0x0004,0x0433,Variable3_Inc_Past
0x0004,0x0434,Variable3_Dec_Past
0x0004,0x0435,PlayOneShot
0x0004,0x0436,FileList
0x0004,0x0437,File
0x0004,0x0438,SelectionMethod
0x0004,0x0439,RandomSelection
0x0004,0x043A,SequentialSelection
0x0004,0x043B,StartLoop
0x0004,0x043C,StartLoopRelease
0x0004,0x043D,ReleaseLoopRelease
0x0004,0x043E,ReleaseLoopReleaseWithJump
0x0004,0x043F,EnableTrigger
0x0004,0x0440,DisableTrigger
0x0004,0x0441,Volume
0x0004,0x0442,Stereo
0x0004,0x0443,LoadAllWaves
0x0004,0x0444,Priority
0x0004,0x0445,SetStreamVolume
0x0004,0x0446,Ignore3d
0x0004,0x0447,VolumeCurve
0x0004,0x0448,FrequencyCurve
0x0004,0x0449,SpeedControlled
0x0004,0x044A,DistanceControlled
0x0004,0x044B,Variable1Controlled
0x0004,0x044C,Variable2Controlled
0x0004,0x044D,Variable3Controlled
0x0004,0x044E,CurvePoints
0x0004,0x044F,Granularity
0x0004,0x0450,Activation
0x0004,0x0451,Deactivation
0x0004,0x0452,PassengerCam
0x0004,0x0453,CabCam
0x0004,0x0454,ExternalCam
0x0004,0x0455,SoundTimer
0x0004,0x0456,AudioStream
0x0004,0x0457,SoundSystem
0x0004,0x0458,TrainMinMaxDistance
0x0004,0x0459,AmbientMinMaxDistance
0x0004,0x045A,Rolloff
0x0004,0x045B,MonitoringDeviceMonitorTimeLimit
0x0004,0x045C,MonitoringDeviceAlarmTimeLimit
0x0004,0x045D,MonitoringDevicePenaltyTimeLimit
0x0004,0x045E,MonitoringDeviceCriticalLevel
0x0004,0x045F,MonitoringDeviceResetLevel
0x0004,0x0460,MonitoringDeviceAppliesFullBrake
0x0004,0x0461,MonitoringDeviceAppliesEmergencyBrake
0x0004,0x0462,MonitoringDeviceAppliesCutsPower
0x0004,0x0463,MonitoringDeviceAppliesShutsDownEngine
0x0004,0x0464,MonitoringDeviceAlarmTimeBeforeOverSpeed
0x0004,0x0465,MonitoringDeviceResetOnZeroSpeed
0x0004,0x0466,MonitoringDeviceResetOnZeroThrottle
0x0004,0x0467,MonitoringDeviceResetOnDirectionNeutral
0x0004,0x0468,MonitoringDeviceResetOnEngineAtIdle
0x0004,0x0469,MonitoringDeviceResetOnBrakeOff
0x0004,0x046A,MonitoringDeviceResetOnBrakeFullyOn
0x0004,0x046B,MonitoringDeviceResetOnDynamicBrakeOff
0x0004,0x046C,MonitoringDeviceResetOnDynamicBrakeOn
0x0004,0x046D,MonitoringDeviceResetOnResetButton
0x0004,0x046E,MonitoringDeviceDoesSuppressionReset
0x0004,0x046F,MonitoringDeviceTriggerOnOverspeed
0x0004,0x0470,MonitoringDeviceTriggerOnHighCurrent
0x0004,0x0471,MonitoringDeviceTriggerOnLowMainResPressire
0x0004,0x0472,MonitoringDeviceTriggerOnOverRPM
0x0004,0x0473,MonitoringDeviceTriggerOnTrackOverspeed
0x0004,0x0474,MonitoringDeviceTriggerOnTrackOverspeedMargin
0x0004,0x0475,AWSMonitor
0x0004,0x0476,VigilanceMonitor
0x0004,0x0477,EmergencyStopMonitor
0x0004,0x0478,OverspeedMonitor
0x0004,0x0479,LCRegion
0x0004,0x047A,DEMRegion
0x0004,0x047B,Region
0x0004,0x047C,FileSampleSize
0x0004,0x047D,FileSamples
0x0004,0x047E,FileSampleBytes
0x0004,0x047F,BigEndian
0x0004,0x0480,SampleFiles
0x0004,0x0481,SampleFile
0x0004,0x0482,SFlags
0x0004,0x0483,Light
0x0004,0x0484,Conditions
0x0004,0x0485,Headlight
0x0004,0x0486,Unit
0x0004,0x0487,Penalty
0x0004,0x0488,Control
0x0004,0x0489,Service
0x0004,0x048A,TimeOfDay
0x0004,0x048B,ActiveCab
0x0004,0x048C,InactiveCab
0x0004,0x048D,FadeIn
0x0004,0x048E,FadeOut
0x0004,0x048F,Duration
0x0004,0x0490,LightColour
0x0004,0x0491,Azimuth
0x0004,0x0492,Transition
0x0004,0x0493,Cycle
0x0004,0x0494,Serial
0x0004,0x0495,SaveHeader
0x0004,0x0496,SaveTDBs
0x0004,0x0497,SaveTDB
0x0004,0x0498,SaveRDB
0x0004,0x0499,SaveTDBNodes
0x0004,0x049A,SaveTDBNode
0x0004,0x049B,SaveTrItems
0x0004,0x049C,SaveTrItem
0x0004,0x049D,SaveVNodeOwners
0x0004,0x049E,SaveObj
0x0004,0x049F,SaveStatic
0x0004,0x04A0,SaveCollobj
0x0004,0x04A1,SavePhysobj
0x0004,0x04A2,SaveWagon
0x0004,0x04A3,SaveEngine
0x0004,0x04A4,SaveTrain
0x0004,0x04A5,SaveController
0x0004,0x04A6,SaveActivity
0x0004,0x04A7,SaveEvents
0x0004,0x04A8,SaveEvent
0x0004,0x04A9,SaveServices
0x0004,0x04AA,SaveService
0x0004,0x04AB,SaveActObjs
0x0004,0x04AC,SaveActObjWagonList
0x0004,0x04AD,SaveActObjSpeedMon
0x0004,0x04AE,SaveWagonUIDs
0x0004,0x04AF,SaveDebrief
0x0004,0x04B0,SaveTitle
0x0004,0x04B1,SaveSuccessfulStrings
0x0004,0x04B2,SaveSuccessfulString
0x0004,0x04B3,SaveUnSuccessfulStrings
0x0004,0x04B4,SaveUnSuccessfulString
0x0004,0x04B5,SaveTimetableEntries
0x0004,0x04B6,SaveTimetableEntry
0x0004,0x04B7,SaveWorkOrderEntries
0x0004,0x04B8,SaveWorkOrderEntry
0x0004,0x04B9,SaveWorkOrderType
0x0004,0x04BA,SaveWorkOrderTaskText
0x0004,0x04BB,SaveWorkOrderWagonIds
0x0004,0x04BC,SaveWorkOrderLocationText
0x0004,0x04BD,SaveWorkOrderNotesText
0x0004,0x04BE,SaveWorkOrderCompleted
0x0004,0x04BF,SaveSStops
0x0004,0x04C0,SaveSStop
0x0004,0x04C1,SaveTrFollower
0x0004,0x04C2,SaveAIWagons
0x0004,0x04C3,SaveAIWagon
0x0004,0x04C4,SaveSPUnavail
0x0004,0x04C5,SaveSP
0x0004,0x04C6,Version_Route
0x0004,0x04C7,Version_TrainDB
0x0004,0x04C8,Version_Consist
0x0004,0x04C9,Version_Path
0x0004,0x04CA,Version_Traffic
0x0004,0x04CB,Version_Service
0x0004,0x04CC,Player_Traffic_Definition
0x0004,0x04CD,Player_Service_Definition
0x0004,0x04CE,Tr_Activity
0x0004,0x04CF,CrashProbability
0x0004,0x04D0,TrackDB
0x0004,0x04D1,PassengerCapacity
0x0004,0x04D2,RunUpTimeToMaxForce
0x0004,0x04D3,VolumeTweak
0x0004,0x04D4,GravityScale
0x0004,0x04D5,DerailScale
0x0004,0x04D6,TimetableTollerance
0x0004,0x04D7,DEMPath
0x0004,0x04D8,Loadstring_last
